CtaCtoDtalEntVta.detalle_ctro_entregaVentas.test_detail_deriverySales
CtaCtoDtalFijaciones.detalle_ctro_fijaciones.test_detail_fixings
CtaCtoDtalCertificados.detalle_cto_certificados.test_detail_certificates
CtaCtoDtalLiquidaciones.detalle_cto_liquidaciones.test_detail_liquidations
RegistroUsuario.TestRegistroUsuario.test_register_user
insumos_producto.insumosProductos.test_supplies_products
MisIntenciones.mis_intenciones.test_my_intentions
MisIntenciones.mis_intenciones.test_my_intentions
Entregas.cuenta_entregas.test_cuenta_entregas
Entregas.cuenta_entregas.test_cuenta_entregas
ctacte_aplicada.cuenta_ctacte_aplicada.test_ctacte_aplicada
ctacte_apliAcobrar.cta_cte_apliAcobrar.test_ctacte_aplicada
ctacte_ApliApagar.cta_cte_apliApagar.test_ctacte_apliApagar
ctacte_ApliApagar.cta_cte_apliApagar.test_ctacte_apliApagar
ctacte_ApliAvencer.cta_cte_apliAvencer.test_ctacte_apliAvencer
ctacte_ApliAvencer.cta_cte_apliAvencer.test_ctacte_apliAvencer
ctacte_ApliVencido.cta_cte_apliVencido.test_ctacte_aplivencido
ctacte_ApliVencido.cta_cte_apliVencido.test_ctacte_aplivencido
CtaCte_HistoAvenver.cuenta_ctacte_histAvencer.test_ctacte_historica
finanzasPagos.finanzaspagos.test_finance_payment
logistOperPrimarias.logistOperPrimarias.test_Logistics_primary
Onboarding.Onboarding_test_tenant.test_tenat_onboarding
